<configuration scan="true" scanPeriod="60 seconds">

    <appender name="CONSOLE" class="ch.qos.logback.core.ConsoleAppender">
        <encoder>
            <pattern>%-30(%d %level)- %msg%n%ex</pattern>
        </encoder>
    </appender>

    <appender name="FILE" class="ch.qos.logback.core.rolling.RollingFileAppender">
        <file>${hivemq.log.folder}/hivemq.log</file>
        <append>true</append>

        <rollingPolicy class="ch.qos.logback.core.rolling.TimeBasedRollingPolicy">
            <!-- daily rollover -->
            <fileNamePattern>${hivemq.log.folder}/hivemq.%d{yyyy-MM-dd}.log</fileNamePattern>

            <!-- keep 30 days' worth of history -->
            <maxHistory>30</maxHistory>
        </rollingPolicy>
        <encoder>
            <pattern>%-30(%d %level)- %msg%n%ex</pattern>
        </encoder>
    </appender>

    <appender name="MIGRATIONS-FILE" class="ch.qos.logback.core.FileAppender">
        <file>${hivemq.log.folder}/migration.log</file>
        <append>true</append>
        <encoder>
            <pattern>%-30(%d %level)- %msg%n%ex</pattern>
        </encoder>
    </appender>

    <appender name="EVENT-FILE" class="ch.qos.logback.core.rolling.RollingFileAppender">
        <file>${hivemq.log.folder}/event.log</file>
        <append>true</append>
        <encoder>
            <pattern>%-24(%d)- %msg%n%ex</pattern>
        </encoder>
        <rollingPolicy class="ch.qos.logback.core.rolling.FixedWindowRollingPolicy">
            <fileNamePattern>${hivemq.log.folder}/event-%i.log.gz</fileNamePattern>
            <minIndex>1</minIndex>
            <maxIndex>5</maxIndex>
        </rollingPolicy>
        <triggeringPolicy class="ch.qos.logback.core.rolling.SizeBasedTriggeringPolicy">
            <maxFileSize>100MB</maxFileSize>
        </triggeringPolicy>
    </appender>

    <logger name="event.client-connected" level="DEBUG" additivity="false">
        <appender-ref ref="EVENT-FILE"/>
    </logger>

    <logger name="event.client-disconnected" level="DEBUG" additivity="false">
        <appender-ref ref="EVENT-FILE"/>
    </logger>

    <logger name="event.message-dropped" level="DEBUG" additivity="false">
        <appender-ref ref="EVENT-FILE"/>
    </logger>

    <logger name="event.client-session-expired" level="DEBUG" additivity="false">
        <appender-ref ref="EVENT-FILE"/>
    </logger>

    <logger name="migrations" level="DEBUG" additivity="false">
        <appender-ref ref="MIGRATIONS-FILE"/>
    </logger>

    <root level="DEBUG">
        <appender-ref ref="FILE"/>
    </root>

    <root level="DEBUG">
        <appender-ref ref="CONSOLE"/>
    </root>

    <logger name="jetbrains.exodus" level="WARN"/>
    <logger name="org.eclipse.jetty" level="ERROR"/>
    <logger name="com.google.common.util.concurrent.Futures.CombinedFuture" level="OFF"/>
    <logger name="oshi" level="ERROR"/>
    <logger name="org.jgroups" level="INFO" />

</configuration>