<?xml version="1.0"?>
<hivemq xmlns:xsi="http://www.w3.org/2001/XMLSchema-instance"
        xsi:noNamespaceSchemaLocation="hivemq-config.xsd">

    <listeners>
        <tcp-listener>
            <port>1883</port>
            <bind-address>0.0.0.0</bind-address>
        </tcp-listener>
    </listeners>

    <restrictions>
        <!-- Maximum simultaneous connections (-1 = unlimited) -->
        <max-connections>-1</max-connections>

        <!-- Maximum length of client identifier -->
        <max-client-id-length>65535</max-client-id-length>

        <!-- Incoming/Outgoing limit in bytes/second -->
        <incoming-bandwidth-throttling>1024</incoming-bandwidth-throttling>
        <outgoing-bandwidth-throttling>1024</outgoing-bandwidth-throttling>
    </restrictions>

</hivemq>