<?xml version="1.0"?>
<hivemq xmlns:xsi="http://www.w3.org/2001/XMLSchema-instance"
        xsi:noNamespaceSchemaLocation="hivemq-config.xsd">

    <listeners>
        <tcp-listener>
            <port>1883</port>
            <bind-address>0.0.0.0</bind-address>
        </tcp-listener>
    </listeners>
    <mqtt>
        <max-client-id-length>65535</max-client-id-length>
        <retry-interval>10</retry-interval>
    </mqtt>
    <throttling>
        <max-connections>-1</max-connections>
        <max-packet-size>268435456</max-packet-size>
        <outgoing-bandwidth-throttling>0</outgoing-bandwidth-throttling>
        <incoming-bandwidth-throttling>0</incoming-bandwidth-throttling>
    </throttling>

    <persistence>
        <client-session>
            <queued-messages>
                <queued-messages-strategy>discard-oldest</queued-messages-strategy>
                <max-queued-messages>1000</max-queued-messages>
            </queued-messages>
        </client-session>
    </persistence>
</hivemq>