<?xml version="1.0"?>
<hivemq xmlns:xsi="http://www.w3.org/2001/XMLSchema-instance"
        xsi:noNamespaceSchemaLocation="hivemq-config.xsd">

    <listeners>
        <tcp-listener>
            <port>1883</port>
            <bind-address>0.0.0.0</bind-address>
        </tcp-listener>
    </listeners>

    <cluster>
        <transport>
            <tcp>
                <bind-port>7800</bind-port>
                <bind-address>192.168.2.30</bind-address>
            </tcp>
        </transport>
        <discovery>
            <static>
                <node>
                    <host>192.168.2.30</host>
                    <port>7800</port>
                </node>
                <node>
                    <host>192.168.2.31</host>
                    <port>7800</port>
                </node>
            </static>
        </discovery>
    </cluster>

</hivemq>