<?xml version="1.0"?>
<hivemq xmlns:xsi="http://www.w3.org/2001/XMLSchema-instance"
        xsi:noNamespaceSchemaLocation="hivemq-config.xsd">

    <listeners>
        <tcp-listener>
            <port>1883</port>
            <bind-address>0.0.0.0</bind-address>
        </tcp-listener>
    </listeners>
    <mqtt>

        <topic-alias>
            <enabled>true</enabled>
            <max-per-client>5</max-per-client>
            <global-memory-hard-limit>209715200</global-memory-hard-limit>  <!-- 200 MB -->
            <global-memory-soft-limit>52428800</global-memory-soft-limit>   <!--  50 MB -->
        </topic-alias>

        <message-expiry>
            <max-interval>3600</max-interval>
        </message-expiry>

        <session-expiry>
            <max-interval>3600</max-interval>
        </session-expiry>

        <queued-messages>
            <max-queue-size>1000</max-queue-size>
            <strategy>discard</strategy>
        </queued-messages>

        <inflight-messages>
            <max-queue-size>1000</max-queue-size>
        </inflight-messages>

        <keep-alive>
            <allow-zero>true</allow-zero>
            <max-keep-alive>65535</max-keep-alive>
        </keep-alive>

        <packets>
            <max-packet-size>268435460</max-packet-size>
        </packets>

        <receive-maximum>
            <server-receive-maximum>100</server-receive-maximum>
        </receive-maximum>

    </mqtt>
</hivemq>